die	0.592213523953
sie	0.293507890467
oder	0.252267455559
und	0.184850307175
buchhaltung	0.164069082926
ihren	0.150021239202
dienstleistungen	0.150021239202
produkte	0.145498843635
rechnungen	0.141803777408
jeden	0.138679643427
haben	0.133586315613
wie	0.129519371898
von	0.11370808996
span	0.0923053296975
vertriebs	0.0820345414629
tigkeiten	0.0820345414629
selbst	0.0820345414629
machen	0.0820345414629
gutschrift	0.0820345414629
glicherweise	0.0820345414629
finanzbuchhaltung	0.0820345414629
eingangsrechnung	0.0820345414629
deren	0.0820345414629
buchhalter	0.0820345414629
bezahlung	0.0820345414629
bestehen	0.0820345414629
anbieten	0.0820345414629
systems	0.0779258105657
journalbuchungen	0.0779258105657
ihrem	0.0779258105657
arbeitsg	0.0779258105657
allen	0.0779258105657
abrechnung	0.0779258105657
senden	0.075010619601
sei	0.075010619601
rechnungswesen	0.075010619601
lieferanten	0.075010619601
erhalten	0.075010619601
drei	0.075010619601
diesen	0.075010619601
buchungss	0.075010619601
zahlung	0.0727494218173
llen	0.0727494218173
ausgangsrechnung	0.0727494218173
tze	0.0709018887038
ende	0.0709018887038
nge	0.0693398217136
ihre	0.0693398217136
buchungen	0.0693398217136
andere	0.0679866977391
kunden	0.0667931578065
eines	0.0657254999554
erp	0.0648057662395
einen	0.0647596859489
einem	0.0638779668418
aus	0.0616167690582
ber	0.0609627758771
ist	0.0603484437144
beigetragen	0.0597692359446
cwt	0.0592213523953
connector	0.0592213523953
gmb	0.0577357640869
der	0.0577357640869
contributed	0.0568540449799
technology	0.0447811999149
muted	0.0447811999149
wire	0.0445278522883
team	0.0430195433936
index	0.0299617981761
text	0.0296689056124
class	0.0196650425512
