self	0.529710930369
payment	0.526000642848
reference	0.276945873314
gateway	0.206229867786
doc	0.199153972219
ref	0.192323702411
account	0.188721371256
frappe	0.144952446112
request	0.140114255061
args	0.135162398003
entry	0.112125041108
url	0.10494471594
def	0.100536975654
currency	0.0980151020295
grand	0.0885819754562
return	0.086037608454
party	0.0857943584934
doctype	0.0817468098832
cart	0.0661809934723
total	0.063673055273
message	0.0627457329028
shopping	0.056079064677
format	0.0548785651856
make	0.054468489186
email	0.0532097931354
true	0.0522839384703
paid	0.0464194943257
status	0.0457321376547
send	0.0427204535844
subject	0.0421386105813
success	0.0411795585673
validate	0.0407656402412
session	0.0389283295789
company	0.0388438683436
hasattr	0.0380635654357
print	0.0370967981747
set	0.0368805937936
redirect	0.0353300168042
order	0.034931386384
db	0.0348719654183
pr	0.0335501591217
dict	0.0326223605009
flt	0.0324569480761
submit	0.0322990973437
docname	0.0312161893554
invoice	0.0309903307553
controller	0.0301879405456
throw	0.0292417716599
import	0.027435315212
whitelist	0.0272304930413
sales	0.0269928061635
getattr	0.026566496781
guest	0.0261101304411
local	0.0259332430345
communication	0.0258182714594
ignore	0.025269742366
type	0.0248720305316
dt	0.0243133878736
details	0.023635954896
settings	0.0231802383825
insert	0.022185845195
mail	0.0221437469274
bank	0.0220365280432
document	0.0218275342531
comm	0.0215480493289
mute	0.0210693052907
exists	0.0210378158345
flags	0.0203150819081
value	0.020279537354
permissions	0.0200169346605
dummy	0.0198586366792
create	0.0190622949467
orders	0.0180493618561
existing	0.0178046839857
customer	0.0175987400947
cancelled	0.0174894326712
list	0.0173044162093
erpnext	0.0156723565639
context	0.0151696289562
render	0.0147624979516
commit	0.0146560341669
nowdate	0.0143117023294
initiated	0.014220450425
payer	0.0139628877352
user	0.0139508488495
authorized	0.0137265195224
si	0.0136621367691
dn	0.013634730819
response	0.0133380010443
utils	0.0133234278403
sent	0.0129666215172
difference	0.012511147083
enabled	0.0124620143727
invoices	0.0122963771474
accounts	0.0122904733607
outstanding	0.0121397675559
hello	0.0120908231269
data	0.0116531605031
person	0.011568945694
docstatus	0.0110730090194
false	0.0110182640216
template	0.0109599027563
contact	0.0109599027563
defaults	0.0107376321607
method	0.0105313234595
dear	0.0105120109418
center	0.0104214682956
transaction	0.0100511776844
cost	0.0097801105364
title	0.00955005230111
sendmail	0.00951589135892
integrations	0.00951589135892
check	0.00904080223322
allow	0.00844724921121
update	0.00817166644001
formatted	0.00810634479538
link	0.00802232409275
default	0.00767054105669
endif	0.00761640029422
run	0.00720297331356
requesting	0.00720297331356
questions	0.00715585116469
resend	0.00713285712562
thank	0.00704439247567
references	0.00704439247567
failed	0.00690158461329
recipient	0.00688229443397
recipients	0.00680762326034
href	0.0067895463329
gain	0.0067540606588
sender	0.00670242288396
location	0.00666900052217
deductions	0.00663633782568
extend	0.00662028071134
elif	0.0064688674533
remarks	0.00642638859371
business	0.00635826698872
id	0.00622356163186
advance	0.00621887971536
attach	0.00618309952403
exchange	0.00614818857371
license	0.00613057294963
permission	0.00608081232327
completed	0.00606988377796
file	0.00604827289278
content	0.00604827289278
loss	0.00603758810912
conversion	0.00578447284702
debit	0.00575794107592
received	0.0057405215077
required	0.00567288093929
created	0.00550913201081
coding	0.00544428957845
error	0.00543026901083
credit	0.00540949134602
utf	0.00528444757612
append	0.00527189643274
selling	0.00521673456062
precision	0.00492889808632
pass	0.00486630106155
cancel	0.00484757640861
based	0.00468089688957
rate	0.00464409865992
parent	0.00463203903573
attachments	0.0046003661993
filters	0.00458866656793
information	0.00439289022716
administrator	0.00431697538933
sql	0.00430736266598
standard	0.00428203871938
model	0.00427890437401
new	0.00425407271029
purchase	0.00423572654476
tab	0.00419972223701
base	0.00414449837698
date	0.00379446693234
select	0.00353543628662
unicode	0.00346620911621
literals	0.00346620911621
future	0.00332891582075
class	0.00324569636414
pvt	0.00320508496141
technologies	0.00317282225011
contributors	0.00315552498874
copyright	0.00314980519301
txt	0.00312855645524
description	0.00308971363712
