hide	0.409820287543
print	0.287676966631
px	0.254287983025
parameter	0.253699211658
allow	0.246386838718
width	0.2273646519
filter	0.206858918366
read	0.204910143772
ignore	0.196481485907
copy	0.155821274711
value	0.152960027906
view	0.151622083474
permissions	0.139188612461
xss	0.117657021056
collapsible	0.115741476778
permlevel	0.115369806001
bold	0.113213779234
index	0.111174704431
hidden	0.110302772318
length	0.107802102248
unique	0.105838189185
search	0.104154308376
fieldtype	0.101934042014
reqd	0.101676209776
administrator	0.100997177553
fieldname	0.0940298270593
submit	0.0936819949079
modified	0.0924557866553
label	0.0913333036752
data	0.0896788742482
report	0.0878562046235
sms	0.081053073067
user	0.0793002277644
list	0.0785982710847
set	0.0687083166902
dialog	0.0611990782218
beta	0.0589599809499
seen	0.0583116341594
editable	0.0582480124617
issingle	0.0578085889318
istable	0.0576849030007
submittable	0.0575620254802
toolbar	0.0569001903192
quick	0.0547780367095
attachments	0.0542059258112
track	0.0526342377229
heading	0.0524934116434
grid	0.0521688626318
onload	0.0515806016002
image	0.0515806016002
rename	0.0514917116298
max	0.0514917116298
setup	0.0496756918323
custom	0.0485051773253
owner	0.0480936143608
module	0.0471904534951
creation	0.0467374148574
idx	0.0467030137614
fields	0.0451216805291
create	0.0438984723707
entry	0.0429178719156
docstatus	0.0423095772915
doctype	0.0351550621429
doc	0.0348965092349
type	0.0347139816486
import	0.0299146936084
