iteratec	0.478934195271
label	0.372721102543
osm	0.285698169334
isr	0.247971429713
csi	0.235568217773
job	0.228471104053
isocsi	0.183456066369
measurand	0.160494014558
wptrd	0.134441934976
sie	0.10517732729
complete	0.100035681534
ui	0.0944488301854
dashboard	0.0826158731041
hlen	0.0803204277469
default	0.0747143132522
die	0.071257265578
script	0.0688960485165
filter	0.0682514873089
fully	0.0674258109525
millisecs	0.0668013185419
error	0.065059098174
chart	0.0637994737431
event	0.0628989316527
batch	0.0624000474915
labels	0.0622540685561
doc	0.061382339727
time	0.0603278335649
loaded	0.0596941388965
bitte	0.0589887388451
page	0.0560194530964
measurement	0.055317657588
ispc	0.0533935745154
der	0.0526948780138
bytes	0.0525295360132
description	0.0524455341618
title	0.052196947026
command	0.0495942859426
setupwizards	0.0490998162395
eigenschaft	0.0489043961942
wizard	0.0483660766464
result	0.0483382234128
configuration	0.0481945770823
selected	0.0478606166738
controller	0.0468281374065
infra	0.0456960262589
zeitpunkt	0.0455990241102
nicht	0.0450479676984
uncached	0.0442130930273
graphite	0.0433196537691
cached	0.0429677908252
custom	0.0420474119338
external	0.0415068375727
ism	0.0412036050036
csv	0.0395976862508
mindestens	0.0387499712412
visually	0.0382427311718
mit	0.0379673630642
werden	0.0379380071455
setup	0.0376844652084
activity	0.0374421584668
barchart	0.037058062475
queue	0.0370196997438
short	0.036926802878
alle	0.0367040104562
messungen	0.036509832064
start	0.0364217922116
browser	0.0363658603532
isj	0.036327220825
button	0.0363050873082
jobs	0.0362999285476
mapping	0.0360152658208
listing	0.0358018087023
header	0.0357399379991
des	0.035702306749
group	0.0356580262475
timeframes	0.0353635145987
typs	0.0352240798419
dem	0.0352010725206
gui	0.0351002297138
ausw	0.0347388588072
heading	0.0339013713743
table	0.0335658543195
server	0.0330270234531
einen	0.032479309972
connectivity	0.0320768334298
keine	0.031646131348
eine	0.0310622231714
seite	0.0310554300647
message	0.0309994041119
hour	0.0307141383198
results	0.0304929189308
selection	0.0303077693556
den	0.0302566694387
requests	0.0300774535776
webpagetest	0.0300221691082
auswahl	0.0299713509155
validator	0.0299318504171
report	0.0299016708661
ist	0.029137535403
password	0.0289809582405
kundenzufriedenheit	0.0289583088596
date	0.028852457276
geben	0.0288520322807
quot	0.0288264106344
wert	0.0285767564436
rv	0.0282511428119
bis	0.0280076064153
schedule	0.0279658868643
wpt	0.0278860438491
mismatch	0.0278268547605
gruppe	0.0277315439001
aus	0.0273237193456
intervals	0.0272416362844
letzte	0.0266540609152
skript	0.0264313289455
manueller	0.0261399502379
ltige	0.0261399502379
list	0.0261241893081
als	0.0257294900004
dom	0.0256225914457
status	0.0254972116263
gewichtung	0.025207862808
filtern	0.0250361086678
pro	0.0250023269398
muss	0.0248951395125
cron	0.0248377398853
data	0.0246486504641
schen	0.0246450244348
dash	0.0246431882379
sein	0.0246281521259
web	0.0245847721384
ein	0.0244012072771
fv	0.0243651790693
ergebnisse	0.0240804163383
security	0.0237019487182
board	0.0236004701234
errors	0.0232106132172
stunden	0.0231204646051
nach	0.0231081266647
seiten	0.02308054524
landing	0.0229251595856
select	0.0228861895295
konfiguration	0.0226744777619
months	0.0226009142495
messschritt	0.022542949159
incoming	0.0219835582118
load	0.021959052044
register	0.0218255984798
end	0.0218050309487
test	0.0217269268531
manual	0.0216952297439
locations	0.021586696534
liegen	0.0213907171761
controllers	0.0213232487321
passwort	0.020768611287
axis	0.020760309536
oder	0.0207461304188
location	0.0206162132349
view	0.0205097628123
agent	0.0204551195025
row	0.0204179758179
namen	0.0203978852542
anzeigen	0.020270802695
invalid	0.0201964225965
szlig	0.0201568036756
percent	0.0201126963928
und	0.0197022453897
analysis	0.0195937463996
uhrzeit	0.0190638780057
speichern	0.0188816487716
measured	0.0186549879456
zeitraum	0.0186454010826
weights	0.018554395671
byte	0.0185290312375
wurde	0.0184355253364
forgot	0.0182340236422
minuten	0.0180011319797
zum	0.0179590870752
render	0.0179367774513
index	0.0178587275353
weight	0.0178573631443
messgr	0.0176055826299
bodies	0.017426633492
url	0.0168909255643
timeframe	0.0167421034545
messschritte	0.016672843335
cs	0.0165570253397
darf	0.0164876686588
null	0.0164416981412
zu	0.0162725200479
info	0.0162488563195
alias	0.0162461083476
wird	0.0162289104679
customer	0.0160824915007
ausgew	0.015994173019
profile	0.015986593194
placeholder	0.0157993195652
von	0.0157497264164
aggregation	0.0157446207437
gruppen	0.0157078755593
execution	0.0154870542019
das	0.015450891257
ansicht	0.0153319774126
zur	0.0151222863414
failed	0.0150502602114
verwenden	0.0150285714977
exceeded	0.0149582673985
zahl	0.0148274606711
definiert	0.0147660284101
mapppings	0.0147299448718
cookiebased	0.0147299448718
delete	0.0147265725779
neue	0.0146619861929
request	0.0146567940029
eigene	0.0146557054745
es	0.0145304874334
user	0.0142441913618
format	0.0142344694566
warning	0.0141740808117
beschreibung	0.013845740858
save	0.0138260979945
spring	0.0137975211164
mappings	0.013755456022
datum	0.0136284243668
key	0.0135009749485
existiert	0.0134617089978
multi	0.0134302499451
type	0.0133785570252
konnte	0.0133201256674
events	0.0131655832505
count	0.0131317181891
graph	0.0130312303039
bei	0.0130096555347
tab	0.0129259749706
menu	0.0128402229513
ausdruck	0.0128213720559
dieser	0.0126662106248
distribution	0.0126434634528
hochladen	0.012603931404
zugrunde	0.0125980022972
hrungsplan	0.0125980022972
dargestellten	0.0125980022972
href	0.0125225124117
rohdaten	0.012410703797
context	0.0123311939624
create	0.0122117470548
bereits	0.0121867934359
stunde	0.0120787915883
konnektivit	0.012011004431
placeholders	0.0118657997425
letzten	0.0118652552344
nur	0.0117357056755
mail	0.0117006241218
spof	0.0115945228169
warn	0.0114665626491
sicher	0.011451618322
email	0.0114188710177
ausf	0.0114177922981
line	0.0114074645569
max	0.0113149754157
tabular	0.011260269401
matrix	0.0112528580419
mm	0.0111959211133
fehler	0.0111457548557
gefunden	0.0111335530903
br	0.0111335530903
typ	0.0111174187425
verbindung	0.0110745213076
gr	0.0109877691701
min	0.0109062461766
ttfb	0.0107648581694
diese	0.0107171621893
benutzername	0.0105910433365
size	0.0105301631343
link	0.0104741771915
warningdisabled	0.0104115871291
muessen	0.0104115871291
speed	0.0103792597493
herunterladen	0.0102679950991
presentation	0.0102512500674
wochen	0.0101973608529
ladezeit	0.0101973608529
folgenden	0.0101105323138
sri	0.0100784018378
colorcode	0.0100784018378
kein	0.0100737917159
org	0.0100381076717
wollen	0.0100253634181
anbindung	0.0100040454702
einstellungen	0.0100023530441
sind	0.00999717667328
ben	0.00997895332466
unique	0.00991062772607
im	0.00989956335571
remove	0.00989864369659
tigt	0.00989166224574
anlegen	0.00982848227063
thead	0.00978087923883
java	0.00976207999132
stacked	0.00973007701333
millis	0.00973007701333
api	0.00972111324212
nullable	0.00970862386346
li	0.00968942744887
browsers	0.00968814445016
micro	0.00968099723286
variablen	0.00963352691877
setzen	0.00963307901165
mikroservice	0.00960880354479
lable	0.00960880354479
folgende	0.00959021231822
code	0.00956866463113
satisfaction	0.00954304550599
metrics	0.00954301526829
advanced	0.00945783100146
upload	0.00945744898962
repeated	0.00941704760397
vorhanden	0.0093918843088
success	0.00929795560455
id	0.00928527957466
ausdr	0.0092756182535
felder	0.00912653365418
instructions	0.00903104532342
aktiv	0.00903104532342
systeminfo	0.0090171796636
achtung	0.0090171796636
control	0.00897867805404
zeigt	0.00885711061662
verwendete	0.00880601996049
verwendet	0.00875305155011
ms	0.00873092057765
benchmark	0.00871331674598
gestartet	0.00870184966759
jeweils	0.00867751775248
yyyy	0.00865358803626
nnen	0.00862897736713
comparative	0.00862748697536
boundary	0.00862748697536
confirm	0.00860688350631
erstellen	0.00859355816503
statement	0.00849631720926
pagetest	0.008402620936
nbsp	0.008402620936
doesnt	0.008402620936
benutzerdefinierten	0.008402620936
deaktivieren	0.00833642166748
username	0.00829768910546
adjustment	0.00827380253131
update	0.00825959395553
enthalten	0.00817326897188
messjobs	0.00816088906657
kundenzufriedenheitsindex	0.00816088906657
filmstreifen	0.00816088906657
entprechenden	0.00816088906657
deselect	0.00815788868235
set	0.00815105223074
variable	0.0081395996667
anwendung	0.00812305417381
ssen	0.00807860757407
screenshots	0.00807452287406
daily	0.00807452287406
form	0.00801920835746
interval	0.00800467055008
zeichen	0.00800323637619
hier	0.00792969292654
auf	0.00791710929052
journey	0.00791053316168
percentages	0.00786682337447
wochenmittel	0.00780869034681
webanwendung	0.00780869034681
um	0.00779520254089
scht	0.00778690435498
nav	0.00778406161067
strong	0.00774479778629
series	0.00773565245876
sich	0.00772543960296
zwischen	0.00772311805258
messung	0.00770682153502
ung	0.0076700510849
regex	0.00763441221464
long	0.00761123143579
text	0.00756538343955
oops	0.00755880137835
downloader	0.00755880137835
wurden	0.00754706559916
hlt	0.00754706559916
tag	0.00747795784347
stage	0.00744093486867
defaults	0.00744093486867
adresse	0.00744093486867
processing	0.00744056797678
input	0.00742530963735
running	0.00740006981521
lang	0.00739957201336
datei	0.00737042274087
wertebereich	0.00736497243592
linktext	0.00736497243592
entschuldigung	0.00736497243592
liste	0.00735099003473
download	0.00734921318755
zugeordnet	0.00732785273726
leer	0.00732785273726
integer	0.00728495901937
double	0.00728495901937
gel	0.00726663326998
kann	0.00724592564484
new	0.00722686638819
tagesmittel	0.00720660265859
releasenotes	0.00720660265859
regul	0.00720660265859
kontakt	0.00720660265859
gewichtet	0.00720660265859
fehlgeschlagene	0.00720660265859
callout	0.00720660265859
batchactivity	0.00720660265859
exist	0.00717833060696
comparison	0.00717657211293
en	0.00716121828881
confirmation	0.0071531739051
aktivieren	0.0071531739051
javascript	0.00713612018632
tageszeit	0.00707270291975
auth	0.00698127802637
hint	0.00696147973407
messdaten	0.00695671369012
cke	0.00695671369012
benutzernamen	0.00695671369012
folder	0.00694905844128
derzeit	0.00692287042901
lange	0.00690403795072
erfolgreich	0.0068672675006
metriken	0.00685440393883
lighthouse	0.00685440393883
leerzeichen	0.00685440393883
konto	0.00685440393883
fortschritt	0.00685440393883
entsprechen	0.00685440393883
hh	0.00683162863034
ls	0.0068142121834
aktualisieren	0.0067970537674
entfernen	0.0067801458482
darstellung	0.0067801458482
ge	0.00675118044884
diagramm	0.00673085449888
woche	0.00671487946083
er	0.00670103812529
glich	0.00668876928178
ur	0.00668357561209
beginn	0.00668009556896
achsenbeschriftung	0.00668009556896
abschnitt	0.00668009556896
gespeichert	0.00665309564521
contact	0.00662339730273
ihre	0.00656585909456
laden	0.00655232151376
overwriting	0.00653498755949
gewichtungen	0.00653498755949
chrome	0.00650541440055
performance	0.00647347821868
aktive	0.00647061523152
eigenschaften	0.00641068602794
active	0.00638664036529
missing	0.00633310531242
tags	0.00631615614676
navigation	0.00631615614676
kopie	0.006301965702
einzelergebnisse	0.006301965702
modal	0.00629388292385
version	0.00629031701037
cksetzen	0.00625231625061
anfragen	0.00625231625061
cancel	0.00625058173495
benutzer	0.00620884129338
keiner	0.00620535189848
daten	0.00619208603097
wenn	0.00617507760009
http	0.00617363438761
home	0.00616855299136
ndigen	0.00616079705947
minutes	0.00614892248927
angelegt	0.0061296191775
measuring	0.00611841651177
abbrechen	0.00611841651177
werte	0.00611063232775
gen	0.00608272322075
headline	0.00603939579413
dauern	0.00603939579413
anh	0.00603939579413
measurings	0.00600242728214
aufnehmen	0.00600242728214
adjust	0.00595245438142
vergleich	0.00593289987126
erweitert	0.00593289987126
diesem	0.00584281577652
explanation	0.00580859833971
ber	0.00577994539423
dashboards	0.00577040645614
treemap	0.00575253831367
png	0.00573500163379
ssl	0.00569987801378
deaktiviert	0.00569987801378
sollen	0.00568909785676
achse	0.00562642902097
undefined	0.0055476067365
eigenen	0.00553726065379
berechnung	0.00553726065379
service	0.00552540146699
kopieren	0.00549588955294
chste	0.00549588955294
skripte	0.00547592019251
rzeren	0.00544059271105
personalisierung	0.00544059271105
messchritte	0.00544059271105
kurzbeschreibung	0.00544059271105
fortsetzen	0.00544059271105
durschnittswerten	0.00544059271105
chstwert	0.00544059271105
chten	0.00543730810591
video	0.00541862719405
ngen	0.0053824290847
cookies	0.00536488042882
deleted	0.00535591256547
uhr	0.00534767929402
ihren	0.00534767929402
enth	0.00534767929402
responsive	0.00533081218304
ihrem	0.00533081218304
msg	0.00531426636997
aktualisiert	0.00531426636997
aktiviert	0.00531426636997
eines	0.00531256635443
anzahl	0.00529802984262
bearbeiten	0.00528209125008
vollst	0.00526643985507
overwrite	0.00523595851978
ss	0.00520651065149
renderns	0.00520579356454
mmmm	0.00520579356454
mindestwert	0.00520579356454
measurementselection	0.00520579356454
kombinierte	0.00520579356454
fehlgeschlagenen	0.00520579356454
dimensionen	0.00520579356454
charttypes	0.00520579356454
breitbild	0.00520579356454
angeforderten	0.00520579356454
string	0.00519294752797
submit	0.00519215282175
combination	0.00511065913755
eintr	0.00509779032555
hrt	0.00509747397557
angezeigt	0.00508964846002
include	0.00507415429053
www	0.00507206084358
groups	0.00506266819411
hinzuf	0.00506028972845
messschritten	0.0050392009189
ltiger	0.0050392009189
incomming	0.0050392009189
csiconf	0.0050392009189
blockieren	0.0050392009189
berschneidungen	0.0050392009189
berpr	0.00503615959562
median	0.00502434133275
durch	0.0050141708202
erhalten	0.00500117652203
manuell	0.00498982173391
neuer	0.00496754797705
https	0.00496460095505
elements	0.00496420242697
run	0.00495714160667
dd	0.00492464400123
zeitreihen	0.00490998162395
sichtbare	0.00490998162395
seitenaufruf	0.00490998162395
ptst	0.00490998162395
jobname	0.00490998162395
hltes	0.00490998162395
beibehalten	0.00490998162395
auflisten	0.00490998162395
anbindungs	0.00490998162395
failure	0.00490396138313
limit	0.00489380186472
ck	0.00489380186472
hourly	0.00487383250428
automatisch	0.00486401738379
momentan	0.00485431193173
duplicate	0.00483522041768
punkt	0.00481653950583
ersten	0.00480734757961
targetcsi	0.00480440177239
markierte	0.00480440177239
zeit	0.00479825190569
points	0.00478925048916
einer	0.00478010015028
servers	0.00477152275299
notes	0.00477152275299
allowed	0.0047455916058
seteventname	0.00471513527983
genauere	0.00471513527983
erfolgreiche	0.00471513527983
blockiert	0.00471513527983
laufen	0.00468793630121
ndern	0.00466435216685
haben	0.00466375995422
mehr	0.00466106339446
einfach	0.00464897780227
vergessen	0.00463780912675
tcpdump	0.00463780912675
stundenmittel	0.00463780912675
prozent	0.00463780912675
multiselect	0.00463780912675
ltiges	0.00463780912675
letztes	0.00463780912675
human	0.00463780912675
fortfahren	0.00463780912675
callstack	0.00463780912675
aktivit	0.00463780912675
pages	0.00461875103967
beim	0.00461875103967
zwei	0.00459006513353
verf	0.00459006513353
checkbox	0.00458297424581
rendern	0.00456960262589
montage	0.00456960262589
intersection	0.00456960262589
batches	0.00456960262589
lt	0.00454160314496
valide	0.0045085898318
basierend	0.0045085898318
angegebenen	0.0045085898318
wikipedia	0.00445339704597
prompt	0.00445339704597
paginate	0.00445339704597
hrungen	0.00445339704597
day	0.00445210637365
analyse	0.00442225364452
unterscheiden	0.00440300998024
laufende	0.00440300998024
fuer	0.00440300998024
dimensions	0.00440300998024
deiner	0.00440300998024
charting	0.00440300998024
bibliothek	0.00440300998024
abw	0.00440300998024
created	0.00439725044737
validation	0.00439339288604
actions	0.00439339288604
zuletzt	0.00435665837299
optionen	0.00435665837299
berschrieben	0.00435665837299
scripts	0.0043545339948
prev	0.00431374348768
onload	0.00431374348768
iss	0.00431374348768
detaildaten	0.00431374348768
berechtigt	0.00431374348768
choose	0.0043018736949
vom	0.00428167211179
neu	0.00428167211179
erlaubt	0.00427379068529
berschreiben	0.00427379068529
startseite	0.0042364173346
notation	0.0042364173346
legen	0.0042364173346
kbps	0.0042364173346
angaben	0.0042364173346
laufzeit	0.004201310468
erreicht	0.004201310468
abbr	0.004201310468
point	0.00416943506477
navbar	0.00416821083374
angeben	0.00416821083374
weniger	0.00413690126565
vergeben	0.00413690126565
einrichtung	0.00413690126565
tests	0.00412516608081
titel	0.00410719803965
letzter	0.00410719803965
ending	0.00410719803965
device	0.00410719803965
bar	0.00409385446618
sortierung	0.00407894434118
fen	0.00407791587363
used	0.00405445371589
ndlich	0.00405200525382
breite	0.00405200525382
anfrage	0.00404689011405
ladezeiten	0.00402626386275
bandwidth	0.00402626386275
activation	0.00402626386275
timeline	0.00400161818809
radio	0.00400161818809
capture	0.00400161818809
hren	0.00398088655758
warnung	0.0039779787447
datenpunkte	0.0039779787447
person	0.00395526658084
dsl	0.00395526658084
auch	0.00394784495296
environment	0.00392615167127
zeilen	0.00391235169553
pixel	0.00391235169553
desc	0.00391235169553
readable	0.00389203080533
llen	0.00389203080533
diagramme	0.00389203080533
sites	0.00387239889314
agenten	0.00385341076751
wrong	0.00384396549771
half	0.00383502554245
fest	0.00383502554245
dieses	0.00382310548168
asc	0.00381720610732
wieder	0.00381431658118
aufgerufen	0.00378313240058
wide	0.00376681904159
urls	0.00376681904159
leeren	0.00375095268065
kb	0.0037355094735
jquery	0.0037355094735
aggregated	0.0037355094735
gibt	0.00372571715388
einrichten	0.00372046743434
pagination	0.0037058062475
mobile	0.0037058062475
math	0.0037058062475
definieren	0.0037058062475
zero	0.00366392636863
angegeben	0.00366392636863
open	0.00365074455652
jedes	0.00365061346167
unit	0.00364053834799
pending	0.00363759974664
neben	0.00363759974664
hlten	0.00363759974664
soll	0.00363577872555
continue	0.0036248720706
graphen	0.00361241812937
einem	0.00360546108175
highchart	0.00358828605647
static	0.00357616602003
updated	0.00356079165545
week	0.00355387478869
persist	0.00354284424665
aber	0.00354141622935
punkte	0.00353201989508
jede	0.00352139416672
einsatz	0.00351095990338
stehen	0.00349063901318
mess	0.00349063901318
ger	0.00349063901318
address	0.00349063901318
ziel	0.00348073986704
meine	0.00345201897536
minimum	0.00344275340252
counts	0.00344275340252
geladen	0.0034336337503
sichtbar	0.00342465549374
da	0.00341668900364
durchgef	0.0033985268837
ul	0.0033900729241
wirklich	0.00338174060843
release	0.00336132083659
append	0.0033495608885
dass	0.00334418756077
wie	0.00334249267453
welcher	0.00333411768135
steps	0.00332905133984
gung	0.00332654782261
aggr	0.00332654782261
docs	0.00331907564219
card	0.00331907564219
trace	0.00331169865137
optional	0.00331169865137
nderung	0.00330441445535
inactive	0.00330441445535
ihrer	0.00330441445535
sent	0.00328309600082
kommen	0.00326930758875
activate	0.00326253457648
trim	0.00323620795449
ausgef	0.00322980914962
headers	0.00322348027846
starten	0.00319883460379
edit	0.00318355866924
maximum	0.0031751951604
einmal	0.0031751951604
nutzen	0.00316943306362
noch	0.00316680003517
informationen	0.00315807807338
global	0.00315807807338
anpassen	0.00315807807338
com	0.00315035861835
weekly	0.00314694146193
current	0.00312362946565
plugins	0.00312000237457
google	0.00312000237457
expression	0.00311476174199
chosen	0.00310956811123
big	0.00310956811123
ergebnis	0.00310442064669
daher	0.00310442064669
content	0.0031041088931
finden	0.00309931853485
weitere	0.00307934807489
nderungen	0.00307446124464
runs	0.00306004342235
uri	0.00305062718321
cleanup	0.00304136161037
browse	0.003036783832
block	0.00300452009853
internet	0.00298449998781
net	0.00298034881628
values	0.00295544456782
gesetzt	0.00293654825257
proxy	0.0029030226632
messages	0.00289582895643
ndert	0.00289226533935
domains	0.00288872351823
st	0.00287822620454
cache	0.00285778575494
datenbank	0.00283160792173
apply	0.00282208848631
enter	0.00281272301078
vor	0.00280046676602
valid	0.00277670606078
times	0.00276518158197
boolean	0.00275388198545
visible	0.00274831380843
lassen	0.00274554966978
standard	0.00274279866248
zwischenablage	0.00272029635552
zertifikatfehler	0.00272029635552
zertifikatcaches	0.00272029635552
wirkunglos	0.00272029635552
wirksam	0.00272029635552
willkommen	0.00272029635552
wiederzufinden	0.00272029635552
wettbewerbern	0.00272029635552
wartende	0.00272029635552
wahr	0.00272029635552
vordefiniert	0.00272029635552
vorangegangenen	0.00272029635552
videoaufzeichnung	0.00272029635552
verteilungs	0.00272029635552
verteilungen	0.00272029635552
verstreichen	0.00272029635552
versionsverwaltung	0.00272029635552
versionsbeschreibung	0.00272029635552
vergebenes	0.00272029635552
variablenformat	0.00272029635552
uploadbandbreite	0.00272029635552
ungespeicherte	0.00272029635552
ueberschrieben	0.00272029635552
tsprofils	0.00272029635552
textantworten	0.00272029635552
testagent	0.00272029635552
suchmaschine	0.00272029635552
steuere	0.00272029635552
signalisieren	0.00272029635552
sicherheitsfunktionen	0.00272029635552
seitenvergleich	0.00272029635552
registrierungscode	0.00272029635552
prozentwerte	0.00272029635552
persistiere	0.00272029635552
performanz	0.00272029635552
passwortes	0.00272029635552
paketverlustrate	0.00272029635552
optionalen	0.00272029635552
netzwerktraffic	0.00272029635552
mobiles	0.00272029635552
mitschneiden	0.00272029635552
messwerten	0.00272029635552
messschrittname	0.00272029635552
messdatum	0.00272029635552
messchritten	0.00272029635552
meinefirma	0.00272029635552
maximalen	0.00272029635552
leerem	0.00272029635552
latenz	0.00272029635552
kurvendarstellung	0.00272029635552
kundenfrustrationen	0.00272029635552
kreditkartennummer	0.00272029635552
kontrolliere	0.00272029635552
kompressionslevel	0.00272029635552
kommandozeilen	0.00272029635552
kombinierter	0.00272029635552
jobeinstellungen	0.00272029635552
inhaltsanalyse	0.00272029635552
identifikator	0.00272029635552
hervorgehobene	0.00272029635552
grossartige	0.00272029635552
gebildete	0.00272029635552
farbkodierung	0.00272029635552
experimentell	0.00272029635552
erweitertes	0.00272029635552
ermittle	0.00272029635552
ergebisse	0.00272029635552
eingetroffenes	0.00272029635552
eingegangen	0.00272029635552
durchgehende	0.00272029635552
downloadbandbreite	0.00272029635552
datenzeilen	0.00272029635552
datenzeile	0.00272029635552
chtliches	0.00272029635552
ccke	0.00272029635552
blockende	0.00272029635552
bestejt	0.00272029635552
berschriftzeile	0.00272029635552
berechnungszeit	0.00272029635552
beispielskript	0.00272029635552
befehlen	0.00272029635552
basisseite	0.00272029635552
balkenlabels	0.00272029635552
aufsteigender	0.00272029635552
anzeigbaren	0.00272029635552
amerikanischen	0.00272029635552
addresse	0.00272029635552
absteigender	0.00272029635552
source	0.00271598433779
ohne	0.00269286919136
simple	0.00268288470353
jetzt	0.00264923539106
login	0.00260866025014
domain	0.0026043225074
add	0.00260360740017
wochenwerten	0.00260289678227
wiederholung	0.00260289678227
weichen	0.00260289678227
verwendende	0.00260289678227
vergleiche	0.00260289678227
vereinfachten	0.00260289678227
verbleibende	0.00260289678227
unterschreitet	0.00260289678227
umbrechen	0.00260289678227
tatsaechliche	0.00260289678227
steuern	0.00260289678227
startzeitpunkt	0.00260289678227
startzeit	0.00260289678227
standardwerten	0.00260289678227
skriptname	0.00260289678227
serverurl	0.00260289678227
runonce	0.00260289678227
riges	0.00260289678227
raster	0.00260289678227
prozentsatz	0.00260289678227
privat	0.00260289678227
patrickmeenan	0.00260289678227
notmet	0.00260289678227
notassignable	0.00260289678227
noconnection	0.00260289678227
messreihe	0.00260289678227
messergebnis	0.00260289678227
massangabe	0.00260289678227
leertaste	0.00260289678227
kundenzufriedenheiten	0.00260289678227
konfiguriere	0.00260289678227
installierte	0.00260289678227
inlist	0.00260289678227
hspa	0.00260289678227
halbe	0.00260289678227
gesicherte	0.00260289678227
geringer	0.00260289678227
gelisteten	0.00260289678227
fetchlocations	0.00260289678227
fertigstellen	0.00260289678227
exportierte	0.00260289678227
eres	0.00260289678227
ereignis	0.00260289678227
endzeit	0.00260289678227
emulieren	0.00260289678227
einzigartigen	0.00260289678227
einteilung	0.00260289678227
deselektieren	0.00260289678227
datenlabels	0.00260289678227
charttype	0.00260289678227
browseralias	0.00260289678227
bildschirmfoto	0.00260289678227
bersteigt	0.00260289678227
bericht	0.00260289678227
berechneten	0.00260289678227
benutzerdefiniert	0.00260289678227
benannte	0.00260289678227
begrenzung	0.00260289678227
autoresize	0.00260289678227
autorefresh	0.00260289678227
aufsteigend	0.00260289678227
analysiere	0.00260289678227
amerikanische	0.00260289678227
activeruns	0.00260289678227
abschnittes	0.00260289678227
abgetrennt	0.00260289678227
screen	0.00257483539856
information	0.00257444888196
sehr	0.00257074290133
zahlenwerte	0.00251960045945
zahlenformat	0.00251960045945
verschlechterung	0.00251960045945
verk	0.00251960045945
vergleichszeitraum	0.00251960045945
umgeleitet	0.00251960045945
tsprofil	0.00251960045945
trimbelow	0.00251960045945
trimabove	0.00251960045945
tes	0.00251960045945
sonstige	0.00251960045945
skriptvorschau	0.00251960045945
simuliert	0.00251960045945
signout	0.00251960045945
setnamemanually	0.00251960045945
selectall	0.00251960045945
rarr	0.00251960045945
pagemapping	0.00251960045945
osl	0.00251960045945
noresultstext	0.00251960045945
nativer	0.00251960045945
messreihen	0.00251960045945
measurementresults	0.00251960045945
mdash	0.00251960045945
leerer	0.00251960045945
kommando	0.00251960045945
juni	0.00251960045945
infomessage	0.00251960045945
getkey	0.00251960045945
getestete	0.00251960045945
gemessene	0.00251960045945
explainingtext	0.00251960045945
einmalige	0.00251960045945
einander	0.00251960045945
durchschnitt	0.00251960045945
detailliert	0.00251960045945
datenbest	0.00251960045945
dateiname	0.00251960045945
datalabels	0.00251960045945
csvdownload	0.00251960045945
cront	0.00251960045945
cofirmation	0.00251960045945
blackhole	0.00251960045945
aufzeichnen	0.00251960045945
aufbereitet	0.00251960045945
applydefault	0.00251960045945
aggreator	0.00251960045945
absteigend	0.00251960045945
hat	0.0024716562621
zufrieden	0.00245499081197
zeitreihe	0.00245499081197
voreinander	0.00245499081197
volle	0.00245499081197
vervollst	0.00245499081197
unterbrochen	0.00245499081197
tsansicht	0.00245499081197
tablets	0.00245499081197
tabellendarstellung	0.00245499081197
stern	0.00245499081197
signin	0.00245499081197
satisfation	0.00245499081197
richte	0.00245499081197
rer	0.00245499081197
praxis	0.00245499081197
passworts	0.00245499081197
nachladen	0.00245499081197
laufender	0.00245499081197
kundenzufriedenheits	0.00245499081197
hlter	0.00245499081197
hergestellt	0.00245499081197
gemessenem	0.00245499081197
gekennzeichnet	0.00245499081197
erstes	0.00245499081197
einzel	0.00245499081197
defaultdashboard	0.00245499081197
datapoint	0.00245499081197
datamarkers	0.00245499081197
chentlich	0.00245499081197
bibliotheken	0.00245499081197
berschritten	0.00245499081197
ausfall	0.00245499081197
apikey	0.00245499081197
step	0.00244808555703
zeitliche	0.0024022008862
wiederhergestellt	0.0024022008862
vorgegebene	0.0024022008862
umwandlung	0.0024022008862
traceroute	0.0024022008862
technisches	0.0024022008862
september	0.0024022008862
rzen	0.0024022008862
placeholdermessage	0.0024022008862
muster	0.0024022008862
ltnis	0.0024022008862
juli	0.0024022008862
jobausf	0.0024022008862
gridlines	0.0024022008862
geparst	0.0024022008862
filmstrips	0.0024022008862
eventname	0.0024022008862
errormessage	0.0024022008862
endet	0.0024022008862
einstiegsseite	0.0024022008862
deterioration	0.0024022008862
dbconsole	0.0024022008862
comparision	0.0024022008862
benutzerdefiniertes	0.0024022008862
beantragen	0.0024022008862
aufzurufen	0.0024022008862
anbindungen	0.0024022008862
allvalues	0.0024022008862
abmelden	0.0024022008862
number	0.00239154449132
zusammenfassung	0.00235756763992
zeitlichen	0.00235756763992
vorgegebenen	0.00235756763992
ufen	0.00235756763992
strength	0.00235756763992
stattfinden	0.00235756763992
ser	0.00235756763992
registrierung	0.00235756763992
oktober	0.00235756763992
mobilen	0.00235756763992
measuredevent	0.00235756763992
lterer	0.00235756763992
launched	0.00235756763992
kriterien	0.00235756763992
keepua	0.00235756763992
jobnamen	0.00235756763992
joblist	0.00235756763992
jobgruppe	0.00235756763992
gewichten	0.00235756763992
getrennte	0.00235756763992
gestoppt	0.00235756763992
erfordert	0.00235756763992
dangling	0.00235756763992
buchstaben	0.00235756763992
aufgezeichnet	0.00235756763992
anschluss	0.00235756763992
language	0.00234692201628
false	0.00234415787763
html	0.00234140687033
property	0.00232784451863
zahlreiche	0.00231890456337
verlauf	0.00231890456337
vergleichen	0.00231890456337
noscript	0.00231890456337
maximale	0.00231890456337
kompatibilit	0.00231890456337
grunde	0.00231890456337
gelistet	0.00231890456337
gehe	0.00231890456337
folgeseite	0.00231890456337
fachlicher	0.00231890456337
erlauben	0.00231890456337
emulate	0.00231890456337
durchsuchen	0.00231890456337
dezember	0.00231890456337
customize	0.00231890456337
clearcerts	0.00231890456337
book	0.00231890456337
asterisk	0.00231890456337
copy	0.00231197815769
types	0.0023029196453
zuschicken	0.00228480131294
unreachable	0.00228480131294
strg	0.00228480131294
stoppen	0.00228480131294
restful	0.00228480131294
registrieren	0.00228480131294
ration	0.00228480131294
linie	0.00228480131294
leichter	0.00228480131294
inaktiv	0.00228480131294
grenze	0.00228480131294
gesammelt	0.00228480131294
gelb	0.00228480131294
filmstrip	0.00228480131294
erweiterte	0.00228480131294
enden	0.00228480131294
detailanalyse	0.00228480131294
cmdline	0.00228480131294
bald	0.00228480131294
aggregierten	0.00228480131294
ablauf	0.00228480131294
different	0.00228397294064
color	0.00226083078019
zweiter	0.0022542949159
testlauf	0.0022542949159
seinen	0.0022542949159
seinem	0.0022542949159
leeres	0.0022542949159
februar	0.0022542949159
erzeugte	0.0022542949159
erf	0.0022542949159
dient	0.0022542949159
dazugeh	0.0022542949159
chtliche	0.0022542949159
bezeichnung	0.0022542949159
beginnen	0.0022542949159
aktuelles	0.0022542949159
zusammengefasst	0.00222669852299
verfolgen	0.00222669852299
teile	0.00222669852299
stark	0.00222669852299
sonderzeichen	0.00222669852299
shops	0.00222669852299
schritten	0.00222669852299
profil	0.00222669852299
november	0.00222669852299
kommentare	0.00222669852299
januar	0.00222669852299
exportiert	0.00222669852299
erforderlichen	0.00222669852299
durchl	0.00222669852299
berschriften	0.00222669852299
arr	0.00222669852299
true	0.00221936755989
zuordnungen	0.00220150499012
tages	0.00220150499012
passenden	0.00220150499012
nglichen	0.00220150499012
importiert	0.00220150499012
ignorieren	0.00220150499012
fehlgeschlagen	0.00220150499012
discarded	0.00220150499012
deinen	0.00220150499012
credit	0.00220150499012
cancelled	0.00220150499012
aufl	0.00220150499012
apis	0.00220150499012
tipp	0.0021783291865
standards	0.0021783291865
scheduling	0.0021783291865
schedules	0.0021783291865
kontaktieren	0.0021783291865
hourofday	0.0021783291865
benutzerdefinierte	0.0021783291865
anwenden	0.0021783291865
voneinander	0.00215687174384
verh	0.00215687174384
servern	0.00215687174384
haupt	0.00215687174384
einbinden	0.00215687174384
dienst	0.00215687174384
clipboard	0.00215687174384
vorkommen	0.00213689534265
vorherige	0.00213689534265
verwendeten	0.00213689534265
verbindungen	0.00213689534265
unsaved	0.00213689534265
separators	0.00213689534265
optimistic	0.00213689534265
ihres	0.00213689534265
getrennt	0.00213689534265
frustration	0.00213689534265
englisch	0.00213689534265
bright	0.00213689534265
anwendungen	0.00213689534265
abgebrochen	0.00213689534265
zeige	0.0021182086673
vorherigen	0.0021182086673
registration	0.0021182086673
publicly	0.0021182086673
offene	0.0021182086673
locking	0.0021182086673
dokument	0.0021182086673
deactivation	0.0021182086673
checken	0.0021182086673
aktualisierung	0.0021182086673
verschickt	0.002100655234
unterschiedlich	0.002100655234
rter	0.002100655234
optimiert	0.002100655234
medium	0.002100655234
eigenes	0.002100655234
aufgef	0.002100655234
angabe	0.002100655234
typen	0.00208410541687
statische	0.00208410541687
passw	0.00208410541687
intervall	0.00208410541687
entspricht	0.00208410541687
eingeben	0.00208410541687
deine	0.00208410541687
codemirror	0.00208410541687
does	0.00208154290485
zuordnen	0.00206845063283
vornehmen	0.00206845063283
verbesserung	0.00206845063283
recorded	0.00206845063283
nde	0.00206845063283
namens	0.00206845063283
hrten	0.00206845063283
fehlerhaft	0.00206845063283
failures	0.00206845063283
wasserfall	0.00205359901982
tabellarischen	0.00205359901982
monitors	0.00205359901982
indem	0.00205359901982
fenster	0.00205359901982
blog	0.00205359901982
beinhaltet	0.00205359901982
rz	0.00203947217059
rot	0.00203947217059
maximal	0.00203947217059
mai	0.00203947217059
gespeicherte	0.00203947217059
bitten	0.00203947217059
abgeschlossen	0.00203947217059
js	0.00203687851383
laufenden	0.00202600262691
ignoriert	0.00202600262691
august	0.00202600262691
aktion	0.00202600262691
agents	0.00202600262691
abgerufen	0.00202600262691
wir	0.0020161662171
website	0.00201313193138
uniqueness	0.00201313193138
tzliche	0.00201313193138
trat	0.00201313193138
tigten	0.00201313193138
queues	0.00201313193138
konfigurationen	0.00201313193138
har	0.00201313193138
exportieren	0.00201313193138
wechseln	0.00200080909405
systeme	0.00200080909405
seine	0.00200080909405
plural	0.00200080909405
optimieren	0.00200080909405
kleiner	0.00200080909405
conversion	0.00200080909405
suffix	0.00198898937235
richtige	0.00198898937235
yellow	0.00197763329042
standardm	0.00197763329042
preview	0.00197763329042
nken	0.00197763329042
inkl	0.00197763329042
gliche	0.00197763329042
bernehmen	0.00197763329042
bergeben	0.00197763329042
aktueller	0.00197763329042
administrator	0.00197763329042
temporary	0.00196670584362
technischer	0.00196670584362
separator	0.00196670584362
helfen	0.00196670584362
globally	0.00196670584362
gemessen	0.00196670584362
farben	0.00196670584362
bietet	0.00196670584362
anderer	0.00196670584362
verloren	0.00195617584777
stages	0.00195617584777
recently	0.00195617584777
nie	0.00195617584777
manuelle	0.00195617584777
falschen	0.00195617584777
cken	0.00195617584777
activities	0.00195617584777
urspr	0.00194601540267
bestimmten	0.00194601540267
actual	0.00194276608548
wrap	0.00193619944657
quality	0.00193619944657
anhand	0.00193619944657
ihn	0.00192670538375
hlte	0.00192670538375
glichkeiten	0.00192670538375
bearbeitet	0.00192670538375
substring	0.00191751277122
hintergrund	0.00191751277122
einschr	0.00191751277122
dr	0.00191751277122
welchem	0.00190860305366
measurands	0.00190860305366
hinzu	0.00190860305366
deutsch	0.00190860305366
breakdown	0.00190860305366
authentifizierung	0.00190860305366
loss	0.00189995933793
fertig	0.00189995933793
ende	0.00189995933793
dauert	0.00189995933793
april	0.00189995933793
technische	0.00189156620029
mehreren	0.00189156620029
denen	0.00189156620029
demand	0.00189156620029
continuous	0.00189156620029
rolle	0.00188340952079
monitoring	0.00188340952079
ltig	0.00188340952079
filename	0.00188340952079
ersetzt	0.00188340952079
anderes	0.00188340952079
aliases	0.00188340952079
packet	0.00187547634032
nger	0.00187547634032
decimal	0.00187547634032
anmelden	0.00187547634032
sinnvoll	0.00186775473675
eingerichtet	0.00186775473675
file	0.00186423475829
tage	0.00185290312375
microservice	0.00185290312375
inhalt	0.00185290312375
highlighted	0.00185290312375
versuchen	0.00184575355126
ts	0.00184575355126
tester	0.00184575355126
verschiedenen	0.00183877627451
spalten	0.00183877627451
schritte	0.00183877627451
month	0.00183196318431
jeder	0.00183196318431
dt	0.00183196318431
userspecific	0.00182530673084
lizenz	0.00182530673084
konsole	0.00182530673084
klicken	0.00181879987332
schritt	0.0018124360353
gbar	0.0018124360353
erstellung	0.0018124360353
wann	0.00179414302823
hrend	0.00179414302823
grafik	0.00179414302823
alternative	0.00179414302823
trotzdem	0.00178829347627
objekte	0.00178829347627
erreichbar	0.00178829347627
deactivate	0.00178829347627
cksichtigt	0.00178829347627
binding	0.00178829347627
predefined	0.00178255976467
llt	0.00178255976467
assign	0.00178255976467
ne	0.00177693739435
bersicht	0.00177693739435
libraries	0.00177142212332
latency	0.00177142212332
deactivated	0.00177142212332
dark	0.00177142212332
aufgetreten	0.00177142212332
waterfall	0.00176600994754
limited	0.00176600994754
gleichen	0.00176600994754
erfolgen	0.00176600994754
assets	0.00176600994754
remaining	0.00174531950659
komplett	0.00174531950659
jpeg	0.00174531950659
chsten	0.00174531950659
tzt	0.00174036993352
tools	0.00174036993352
mein	0.00174036993352
suche	0.00173071760725
gro	0.00173071760725
entweder	0.00173071760725
deletion	0.00173071760725
ndig	0.00172600948768
match	0.00172600948768
manually	0.00172600948768
diagram	0.00172239248554
strings	0.00172137670126
falsch	0.00172137670126
gleich	0.00171681687515
tooltip	0.00171232774687
kunden	0.00171232774687
ig	0.00171232774687
richtig	0.00169926344185
feld	0.00169926344185
compare	0.00169503646205
timeout	0.00169087030422
einzelnen	0.00169087030422
erneut	0.00168676324282
blank	0.00168271362472
incorrect	0.00167871986521
anhang	0.00167089390302
stand	0.00166705884068
php	0.00166705884068
entfernt	0.00166705884068
welches	0.0016632739113
equal	0.0016632739113
mehrere	0.00165953782109
ignore	0.00165953782109
genau	0.00165953782109
gehen	0.00165953782109
einf	0.00165953782109
aufrufen	0.00165953782109
management	0.00165584932568
green	0.00165584932568
profiles	0.00165220722767
gemacht	0.00165220722767
durchf	0.00165220722767
zusammen	0.00164861037429
stellen	0.00164861037429
oben	0.00164861037429
gerade	0.00164861037429
finished	0.00164861037429
ver	0.00163808037844
sizes	0.00163808037844
frontend	0.00162791993334
anschlie	0.00162791993334
variables	0.00162133912793
angeh	0.00162133912793
ren	0.00161810397724
hrung	0.00161810397724
unterst	0.00161490457481
auto	0.00161490457481
development	0.00161174013923
schlie	0.00160860991443
ngt	0.00160860991443
unsere	0.00160551316861
persistence	0.00160551316861
toggle	0.0016024491932
beiden	0.0016024491932
keinen	0.00159641682972
argument	0.00159344713216
geschrieben	0.0015875975802
supported	0.0015818638686
executed	0.0015818638686
rickshaw	0.00157624149827
aktuelle	0.00157072622725
calculated	0.0015680074939
activated	0.0015680074939
usage	0.00156264543374
nichts	0.00156264543374
aktuellen	0.00156264543374
colors	0.00156000118729
dabei	0.001557380871
previous	0.00155478405562
authentication	0.00155478405562
hide	0.00154965926742
basic	0.00154713049175
weiter	0.00154462361052
identifier	0.00154462361052
alles	0.00154462361052
shop	0.00154213824784
ab	0.00154213824784
perform	0.00153723062232
native	0.00153723062232
successful	0.00153240479437
original	0.00153240479437
disabled	0.00153240479437
progress	0.00153002171118
gew	0.00153002171118
testing	0.00152068080519
sung	0.00152068080519
product	0.00152068080519
chte	0.00151612097907
features	0.00150502602114
erstellt	0.00150285714977
erst	0.00149017440814
leider	0.00148606734674
ihr	0.00148606734674
nnte	0.00148403545788
ihnen	0.00148201772864
fehlermeldung	0.00148201772864
rde	0.00147604755891
infrastruktur	0.00147408454817
zus	0.00147019800695
role	0.00147019800695
testen	0.00146257801523
hidden	0.00145884192502
range	0.0014515113316
css	0.00144970731969
height	0.00144436175911
admin	0.00144260161403
lines	0.00143566612139
ja	0.00143225969417
gt	0.00142889287747
document	0.00142722403726
sure	0.00142064323185
author	0.00141740808117
non	0.00141262213792
anderen	0.00140481727253
general	0.00140175329713
welche	0.00139872140582
links	0.00139872140582
dev	0.00139572093364
aktuell	0.00139572093364
uns	0.00139423227754
monitor	0.00139316687274
red	0.00139275123608
close	0.00138981168826
exists	0.00138835303039
clear	0.00138835303039
private	0.00137975211164
options	0.0013755456022
comment	0.00137003033117
width	0.00136731159783
image	0.00136461815539
multiple	0.00135930529121
administration	0.00135930529121
neuen	0.00135023608977
wiki	0.00133897814137
damit	0.00132814158861
execute	0.00132696218586
response	0.00132578756772
checked	0.00130871722376
settings	0.00130433012507
unter	0.0013021612537
main	0.00129155409783
option	0.0012905144451
base	0.0012905144451
state	0.00128741769928
tested	0.00128333956181
ob	0.00127046886627
second	0.00126282372315
note	0.00123928540167
util	0.00123497022532
screenshot	0.00121832524205
dies	0.00121832524205
basis	0.00121430932505
license	0.00121192624185
available	0.00120412137646
existing	0.00120182036058
names	0.00118693055182
viele	0.00118260893466
field	0.00115664193814
using	0.00114890313519
action	0.0011444825459
systems	0.00113462481173
grails	0.00113161185037
details	0.00112509167165
object	0.00111700012385
single	0.00108620888372
example	0.00108569687125
rest	0.00108467555459
changes	0.00103946031219
ich	0.00102708297265
display	0.00100304070561
summary	0.00100188943978
support	0.000988054542148
review	0.000985148189274
class	0.00094316061072
change	0.000929421149868
attribute	0.000926749796459
value	0.000888863322011
improvement	0.000839419244074
use	0.0008165293424
